{
    "1": {
        "d_token": 232,
        "lr": 1.0994335574766187e-05,
        "lr_scheduler": false,
        "module__activation": "reglu",
        "module__attention_dropout": 0.3037724259507192,
        "module__d_ffn_factor": 0.9107431363562243,
        "module__ffn_dropout": 0.4847923138822793,
        "module__initialization": "kaiming",
        "module__kv_compression": true,
        "module__kv_compression_sharing": "key-value",
        "module__n_heads": 8,
        "module__n_layers": 6,
        "module__prenormalization": "True",
        "module__residual_dropout": 0.05979712296915085,
        "module__token_bias": "True",
        "optimizer": "adamw",
        "optimizer__weight_decay": 1.4359718569878066e-08
    },
    "2": {
        "d_token": 490,
        "lr": 0.0008706020878304854,
        "lr_scheduler": true,
        "module__activation": "reglu",
        "module__attention_dropout": 0.08526206184364576,
        "module__d_ffn_factor": 1.657020486889207,
        "module__ffn_dropout": 0.3875664116805573,
        "module__initialization": "kaiming",
        "module__kv_compression": true,
        "module__kv_compression_sharing": "headwise",
        "module__n_heads": 8,
        "module__n_layers": 4,
        "module__prenormalization": "True",
        "module__residual_dropout": 0.3566223936114975,
        "module__token_bias": "True",
        "optimizer": "adamw",
        "optimizer__weight_decay": 1.5207297997231788e-05
    },
    "3": {
        "d_token": 392,
        "lr": 0.000462258900102083,
        "lr_scheduler": true,
        "module__activation": "reglu",
        "module__attention_dropout": 0.03252579649263976,
        "module__d_ffn_factor": 0.7354437088971034,
        "module__ffn_dropout": 0.46974947078209456,
        "module__initialization": "kaiming",
        "module__kv_compression": false,
        "module__kv_compression_sharing": "headwise",
        "module__n_heads": 8,
        "module__n_layers": 2,
        "module__prenormalization": "True",
        "module__residual_dropout": 0.3803925243084487,
        "module__token_bias": "True",
        "optimizer": "adamw",
        "optimizer__weight_decay": 3.730610475453584e-07
    },
    "4": {
        "d_token": 332,
        "lr": 2.6587543983272695e-05,
        "lr_scheduler": true,
        "module__activation": "reglu",
        "module__attention_dropout": 0.4744427686266666,
        "module__d_ffn_factor": 2.485307470824231,
        "module__ffn_dropout": 0.4474136752138244,
        "module__initialization": "kaiming",
        "module__kv_compression": true,
        "module__kv_compression_sharing": "key-value",
        "module__n_heads": 8,
        "module__n_layers": 1,
        "module__prenormalization": "True",
        "module__residual_dropout": 0.2806385987847481,
        "module__token_bias": "True",
        "optimizer": "adamw",
        "optimizer__weight_decay": 3.4902252478382486e-06
    },
    "5": {
        "d_token": 134,
        "lr": 2.3102018878452926e-05,
        "lr_scheduler": true,
        "module__activation": "reglu",
        "module__attention_dropout": 0.4828160165372797,
        "module__d_ffn_factor": 1.1842266298667004,
        "module__ffn_dropout": 0.29894998940554257,
        "module__initialization": "kaiming",
        "module__kv_compression": true,
        "module__kv_compression_sharing": "key-value",
        "module__n_heads": 8,
        "module__n_layers": 2,
        "module__prenormalization": "True",
        "module__residual_dropout": 0.3854835899772805,
        "module__token_bias": "True",
        "optimizer": "adamw",
        "optimizer__weight_decay": 0.00034501054536130194
    },
    "6": {
        "d_token": 134,
        "lr": 2.3270677083837777e-05,
        "lr_scheduler": false,
        "module__activation": "reglu",
        "module__attention_dropout": 0.40419867405823057,
        "module__d_ffn_factor": 1.9917112353746305,
        "module__ffn_dropout": 0.4609371175115584,
        "module__initialization": "kaiming",
        "module__kv_compression": false,
        "module__kv_compression_sharing": "key-value",
        "module__n_heads": 8,
        "module__n_layers": 2,
        "module__prenormalization": "True",
        "module__residual_dropout": 0.24689779818219537,
        "module__token_bias": "True",
        "optimizer": "adamw",
        "optimizer__weight_decay": 1.763847954354687e-07
    },
    "7": {
        "d_token": 90,
        "lr": 4.059611610484306e-05,
        "lr_scheduler": true,
        "module__activation": "reglu",
        "module__attention_dropout": 0.15230688458668534,
        "module__d_ffn_factor": 1.2900888188454886,
        "module__ffn_dropout": 0.04424625102595975,
        "module__initialization": "kaiming",
        "module__kv_compression": true,
        "module__kv_compression_sharing": "key-value",
        "module__n_heads": 8,
        "module__n_layers": 5,
        "module__prenormalization": "True",
        "module__residual_dropout": 0.26136641469099703,
        "module__token_bias": "True",
        "optimizer": "adamw",
        "optimizer__weight_decay": 1.1269758643814637e-06
    },
    "8": {
        "d_token": 452,
        "lr": 0.00011207606211860574,
        "lr_scheduler": false,
        "module__activation": "reglu",
        "module__attention_dropout": 0.048836057003191935,
        "module__d_ffn_factor": 1.7068027090222881,
        "module__ffn_dropout": 0.0979914312095726,
        "module__initialization": "kaiming",
        "module__kv_compression": false,
        "module__kv_compression_sharing": "headwise",
        "module__n_heads": 8,
        "module__n_layers": 4,
        "module__prenormalization": "True",
        "module__residual_dropout": 0.21377050917927481,
        "module__token_bias": "True",
        "optimizer": "adamw",
        "optimizer__weight_decay": 5.994537656798814e-05
    },
    "9": {
        "d_token": 333,
        "lr": 7.309539835912905e-05,
        "lr_scheduler": false,
        "module__activation": "reglu",
        "module__attention_dropout": 0.34211651325607845,
        "module__d_ffn_factor": 1.7600872253532258,
        "module__ffn_dropout": 0.022613644455269033,
        "module__initialization": "kaiming",
        "module__kv_compression": true,
        "module__kv_compression_sharing": "headwise",
        "module__n_heads": 8,
        "module__n_layers": 6,
        "module__prenormalization": "True",
        "module__residual_dropout": 0.012709563372047594,
        "module__token_bias": "True",
        "optimizer": "adamw",
        "optimizer__weight_decay": 1.393127379006667e-07
    },
    "10": {
        "d_token": 381,
        "lr": 3.8234752246751835e-05,
        "lr_scheduler": true,
        "module__activation": "reglu",
        "module__attention_dropout": 0.22007624686980065,
        "module__d_ffn_factor": 1.0363755777177208,
        "module__ffn_dropout": 0.16266516538163217,
        "module__initialization": "kaiming",
        "module__kv_compression": false,
        "module__kv_compression_sharing": "headwise",
        "module__n_heads": 8,
        "module__n_layers": 3,
        "module__prenormalization": "True",
        "module__residual_dropout": 0.053945713496652226,
        "module__token_bias": "True",
        "optimizer": "adamw",
        "optimizer__weight_decay": 2.4260488932164464e-08
    }
}