{
    "1": {
        "lr": 0.0001329291894316216,
        "lr_scheduler": true,
        "module__d_layers": 651,
        "module__dropout": 0.3037724259507192,
        "module__embedding_type": "combined_embedding",
        "module__n_layers": 16,
        "optimizer": "adamw",
        "optimizer__weight_decay": 8.777815504719644e-07,
        "combined_embedding__embedding_dim": 319
    },
    "2": {
        "lr": 0.0071144760093434225,
        "lr_scheduler": false,
        "module__d_layers": 198,
        "module__dropout": 0.08526206184364576,
        "module__embedding_type": "combined_embedding",
        "module__n_layers": 13,
        "optimizer": "adamw",
        "optimizer__weight_decay": 2.2737628102536842e-07,
        "combined_embedding__embedding_dim": 96
    },
    "3": {
        "lr": 0.001570297088405539,
        "lr_scheduler": false,
        "module__d_layers": 344,
        "module__dropout": 0.03252579649263976,
        "module__embedding_type": "combined_embedding",
        "module__n_layers": 16,
        "optimizer": "adamw",
        "optimizer__weight_decay": 0.00013921548533046482,
        "combined_embedding__embedding_dim": 64
    },
    "4": {
        "lr": 0.0006251373574521745,
        "lr_scheduler": true,
        "module__d_layers": 416,
        "module__dropout": 0.4744427686266666,
        "module__embedding_type": "separate_embedding",
        "module__n_layers": 15,
        "optimizer": "adamw",
        "optimizer__weight_decay": 6.078083099681936e-07
    },
    "5": {
        "lr": 2.9380279387035334e-05,
        "lr_scheduler": true,
        "module__d_layers": 502,
        "module__dropout": 0.4828160165372797,
        "module__embedding_type": "combined_embedding",
        "module__n_layers": 10,
        "optimizer": "adamw",
        "optimizer__weight_decay": 2.539057572102409e-07,
        "combined_embedding__embedding_dim": 278
    },
    "6": {
        "lr": 2.9375384576328295e-05,
        "lr_scheduler": true,
        "module__d_layers": 818,
        "module__dropout": 0.40419867405823057,
        "module__embedding_type": "separate_embedding",
        "module__n_layers": 15,
        "optimizer": "adamw",
        "optimizer__weight_decay": 5.169879442298538e-06
    },
    "7": {
        "lr": 1.493656855461762e-05,
        "lr_scheduler": true,
        "module__d_layers": 255,
        "module__dropout": 0.15230688458668534,
        "module__embedding_type": "combined_embedding",
        "module__n_layers": 2,
        "optimizer": "adamw",
        "optimizer__weight_decay": 5.0654860639753365e-08,
        "combined_embedding__embedding_dim": 318
    },
    "8": {
        "lr": 0.003967605077052989,
        "lr_scheduler": false,
        "module__d_layers": 558,
        "module__dropout": 0.048836057003191935,
        "module__embedding_type": "separate_embedding",
        "module__n_layers": 4,
        "optimizer": "adamw",
        "optimizer__weight_decay": 0.00010256162748473078
    },
    "9": {
        "lr": 0.0006358358856676254,
        "lr_scheduler": true,
        "module__d_layers": 633,
        "module__dropout": 0.34211651325607845,
        "module__embedding_type": "separate_embedding",
        "module__n_layers": 1,
        "optimizer": "adamw",
        "optimizer__weight_decay": 2.359137306347713e-08
    },
    "10": {
        "lr": 0.001331121608073689,
        "lr_scheduler": true,
        "module__d_layers": 108,
        "module__dropout": 0.22007624686980065,
        "module__embedding_type": "combined_embedding",
        "module__n_layers": 6,
        "optimizer": "adamw",
        "optimizer__weight_decay": 0.0008598737339212274,
        "combined_embedding__embedding_dim": 81
    }
}