{
    "1": {
        "lr": 0.0001329291894316216,
        "lr_scheduler": true,
        "module__activation": "reglu",
        "module__d": 651,
        "module__d_hidden_factor": 2.8226345557043153,
        "module__embedding_type": "combined_embedding",
        "module__hidden_dropout": 0.4847923138822793,
        "module__n_layers": 7,
        "module__normalization": "layernorm",
        "module__residual_dropout": 0.43155171293779676,
        "optimizer": "adamw",
        "optimizer__weight_decay": 3.962517832572335e-08,
        "combined_embedding__embedding_dim": 68
    },
    "2": {
        "lr": 0.0071144760093434225,
        "lr_scheduler": false,
        "module__activation": "reglu",
        "module__d": 198,
        "module__d_hidden_factor": 1.5115723710618747,
        "module__embedding_type": "combined_embedding",
        "module__hidden_dropout": 0.3875664116805573,
        "module__n_layers": 5,
        "module__normalization": "batchnorm",
        "module__residual_dropout": 0.31164906341377896,
        "optimizer": "adamw",
        "optimizer__weight_decay": 3.683188416535897e-05,
        "combined_embedding__embedding_dim": 240
    },
    "3": {
        "lr": 0.001570297088405539,
        "lr_scheduler": false,
        "module__activation": "reglu",
        "module__d": 344,
        "module__d_hidden_factor": 1.1951547789558385,
        "module__embedding_type": "combined_embedding",
        "module__hidden_dropout": 0.46974947078209456,
        "module__n_layers": 14,
        "module__normalization": "batchnorm",
        "module__residual_dropout": 0.1654490124263246,
        "optimizer": "adamw",
        "optimizer__weight_decay": 6.366859160799428e-05,
        "combined_embedding__embedding_dim": 122
    },
    "4": {
        "lr": 0.0006251373574521745,
        "lr_scheduler": true,
        "module__activation": "reglu",
        "module__d": 416,
        "module__d_hidden_factor": 3.84665661176,
        "module__embedding_type": "separate_embedding",
        "module__hidden_dropout": 0.4474136752138244,
        "module__n_layers": 6,
        "module__normalization": "layernorm",
        "module__residual_dropout": 0.03177917514301182,
        "optimizer": "adamw",
        "optimizer__weight_decay": 6.403036652671165e-06
    },
    "5": {
        "lr": 2.9380279387035334e-05,
        "lr_scheduler": true,
        "module__activation": "reglu",
        "module__d": 502,
        "module__d_hidden_factor": 3.896896099223678,
        "module__embedding_type": "combined_embedding",
        "module__hidden_dropout": 0.29894998940554257,
        "module__n_layers": 5,
        "module__normalization": "layernorm",
        "module__residual_dropout": 0.1554911608578311,
        "optimizer": "adamw",
        "optimizer__weight_decay": 7.158728631500197e-05,
        "combined_embedding__embedding_dim": 423
    },
    "6": {
        "lr": 2.9375384576328295e-05,
        "lr_scheduler": true,
        "module__activation": "reglu",
        "module__d": 818,
        "module__d_hidden_factor": 3.4251920443493833,
        "module__embedding_type": "separate_embedding",
        "module__hidden_dropout": 0.4609371175115584,
        "module__n_layers": 9,
        "module__normalization": "layernorm",
        "module__residual_dropout": 0.16259166101337352,
        "optimizer": "adamw",
        "optimizer__weight_decay": 2.944272359149678e-06
    },
    "7": {
        "lr": 1.493656855461762e-05,
        "lr_scheduler": true,
        "module__activation": "reglu",
        "module__d": 255,
        "module__d_hidden_factor": 1.9138413075201122,
        "module__embedding_type": "combined_embedding",
        "module__hidden_dropout": 0.04424625102595975,
        "module__n_layers": 3,
        "module__normalization": "layernorm",
        "module__residual_dropout": 0.36480308916903204,
        "optimizer": "adamw",
        "optimizer__weight_decay": 4.1083188946999205e-06,
        "combined_embedding__embedding_dim": 150
    },
    "8": {
        "lr": 0.003967605077052989,
        "lr_scheduler": false,
        "module__activation": "reglu",
        "module__d": 558,
        "module__d_hidden_factor": 1.2930163420191516,
        "module__embedding_type": "separate_embedding",
        "module__hidden_dropout": 0.0979914312095726,
        "module__n_layers": 13,
        "module__normalization": "batchnorm",
        "module__residual_dropout": 0.31877873567760656,
        "optimizer": "adamw",
        "optimizer__weight_decay": 1.3731092468240283e-06
    },
    "9": {
        "lr": 0.0006358358856676254,
        "lr_scheduler": true,
        "module__activation": "reglu",
        "module__d": 633,
        "module__d_hidden_factor": 3.052699079536471,
        "module__embedding_type": "separate_embedding",
        "module__hidden_dropout": 0.022613644455269033,
        "module__n_layers": 2,
        "module__normalization": "batchnorm",
        "module__residual_dropout": 0.44360637128816327,
        "optimizer": "adamw",
        "optimizer__weight_decay": 1.3399717231179682e-08
    },
    "10": {
        "lr": 0.001331121608073689,
        "lr_scheduler": true,
        "module__activation": "reglu",
        "module__d": 108,
        "module__d_hidden_factor": 2.3204574812188037,
        "module__embedding_type": "combined_embedding",
        "module__hidden_dropout": 0.16266516538163217,
        "module__n_layers": 16,
        "module__normalization": "batchnorm",
        "module__residual_dropout": 0.23610746258097465,
        "optimizer": "adamw",
        "optimizer__weight_decay": 3.4630370261191806e-08,
        "combined_embedding__embedding_dim": 75
    }
}