{
    "1": {
        "learning_rate": 0.03574712922600244,
        "max_depth": 2,
        "reg_lambda": 6.12261560602803
    },
    "2": {
        "learning_rate": 0.2536999076681772,
        "max_depth": 12,
        "reg_lambda": 0.8851384099881296
    },
    "3": {
        "learning_rate": 0.1205712628744377,
        "max_depth": 9,
        "reg_lambda": 1.6536643976750172
    },
    "4": {
        "learning_rate": 0.07661100707771368,
        "max_depth": 2,
        "reg_lambda": 2.2408705759398253
    },
    "5": {
        "learning_rate": 0.01700037298921102,
        "max_depth": 2,
        "reg_lambda": 3.235425596639436
    },
    "6": {
        "learning_rate": 0.01699897838270077,
        "max_depth": 2,
        "reg_lambda": 12.448918446337812
    },
    "7": {
        "learning_rate": 0.012184186502221764,
        "max_depth": 3,
        "reg_lambda": 1.1324530081857673
    },
    "8": {
        "learning_rate": 0.19030368381735815,
        "max_depth": 5,
        "reg_lambda": 4.105410738776577
    },
    "9": {
        "learning_rate": 0.07725378389307355,
        "max_depth": 4,
        "reg_lambda": 5.6542201075504295
    },
    "10": {
        "learning_rate": 0.11114989443094977,
        "max_depth": 3,
        "reg_lambda": 0.6047360568422392
    }
}